Date,Name,Year,Letterboxd URI
2022-12-04,House,1977,https://boxd.it/1vsm
2022-12-04,Mr. & Mrs. Smith,2005,https://boxd.it/29CG
2022-12-04,Lady Vengeance,2005,https://boxd.it/248G
2022-12-04,Moulin Rouge!,2001,https://boxd.it/29wI
2022-12-04,Volver,2006,https://boxd.it/2aQO
2022-12-04,Millennium Actress,2001,https://boxd.it/1fK0
2022-12-04,Perfect Blue,1997,https://boxd.it/1W7A
2022-12-04,A Tale of Two Sisters,2003,https://boxd.it/248m
2022-12-04,Wheel of Fortune and Fantasy,2021,https://boxd.it/tWcm
2022-12-04,Memoirs of a Geisha,2005,https://boxd.it/27TA
2022-12-04,Gemini,1999,https://boxd.it/1sak
2022-12-04,Foxfire,1996,https://boxd.it/1GJo
2022-12-04,Changeling,2008,https://boxd.it/25aS
2022-12-04,Pushing Tin,1999,https://boxd.it/1RCo
2022-12-04,Jin-Roh: The Wolf Brigade,1999,https://boxd.it/29wS
2022-12-05,By the Sea,2015,https://boxd.it/a86q
2022-12-05,Hackers,1995,https://boxd.it/1WhU
2022-12-05,Salt,2010,https://boxd.it/1rtK
2022-12-27,Blue Gate Crossing,2002,https://boxd.it/RhS
2022-12-27,Beautiful Crazy,2009,https://boxd.it/RrS
2022-12-27,The Wedding Banquet,1993,https://boxd.it/1Z82
2022-12-27,A Bride for Rip Van Winkle,2016,https://boxd.it/dj9c
2022-12-27,Secret Things,2002,https://boxd.it/1c2O
2022-12-27,Hunters' Sense of Touch,1995,https://boxd.it/eiYg
2022-12-27,Miao Miao,2008,https://boxd.it/1cni
2022-12-29,All About Lily Chou-Chou,2001,https://boxd.it/1JP0
2022-12-29,Murmur of the Hearts,2015,https://boxd.it/aUle
2022-12-29,"The Bold, the Corrupt and the Beautiful",2017,https://boxd.it/hchc
2022-12-29,SoulMate,2016,https://boxd.it/eJXY
2022-12-29,The Stolen Years,2013,https://boxd.it/6yRu
2023-03-28,The Tale of The Princess Kaguya,2013,https://boxd.it/4JQI
2023-03-28,Thirteen,2003,https://boxd.it/1UPK
2023-04-18,Minari,2020,https://boxd.it/mL9M
2023-04-18,The Joy Luck Club,1993,https://boxd.it/1ElY
2023-04-18,Pearl,2022,https://boxd.it/zPbe
2023-04-18,Audition,1999,https://boxd.it/1UHm
2023-04-18,2046,2004,https://boxd.it/29tu
2023-04-18,Chungking Express,1994,https://boxd.it/1UDa
2023-04-18,Days of Being Wild,1990,https://boxd.it/1HbC
2023-04-18,Amélie,2001,https://boxd.it/2aUc
2023-04-18,Blade Runner 2049,2017,https://boxd.it/b8wK
2023-04-18,Suzume,2022,https://boxd.it/yv7Y
2023-04-18,Weathering with You,2019,https://boxd.it/kPxE
2023-04-18,The Garden of Words,2013,https://boxd.it/5Ymq
2023-04-18,Fight Club,1999,https://boxd.it/2a9q
2023-04-18,Glass Onion,2022,https://boxd.it/oCkK
2023-04-18,X,2022,https://boxd.it/sxVa
2023-04-18,Triangle of Sadness,2022,https://boxd.it/hXlq
2023-04-18,Uncut Gems,2019,https://boxd.it/gXGc
2023-04-18,Moonrise Kingdom,2012,https://boxd.it/2Wng
2023-04-18,Silver Linings Playbook,2012,https://boxd.it/2TTo
2023-04-18,Breathe,2014,https://boxd.it/87L4
2023-04-18,Notting Hill,1999,https://boxd.it/2aeK
2023-04-18,"Crouching Tiger, Hidden Dragon",2000,https://boxd.it/2b1M
2023-04-18,The Northman,2022,https://boxd.it/nK2s
2023-04-19,Sorry to Bother You,2018,https://boxd.it/f21E
2023-04-20,Diary of a Wimpy Kid: Rodrick Rules,2011,https://boxd.it/gm2
2023-04-20,Diary of a Wimpy Kid,2010,https://boxd.it/1fUa
2023-04-20,Diary of a Wimpy Kid: Dog Days,2012,https://boxd.it/2TG0
2023-04-20,Diary of a Wimpy Kid: The Long Haul,2017,https://boxd.it/eL00
2023-04-20,Anywhere but Here,1999,https://boxd.it/1C3o
2023-05-08,George Wallace,1997,https://boxd.it/Yx2e
2023-05-17,The Stepford Wives,1975,https://boxd.it/1Sfq
2023-06-15,"Hi Bye, Mama!",2020,https://boxd.it/viMI
2023-06-16,"Legally Blonde 2: Red, White & Blonde",2003,https://boxd.it/1Wxe
2023-06-16,The Cheetah Girls,2003,https://boxd.it/1hkS
2023-06-16,Pride & Prejudice,2005,https://boxd.it/24u8
2023-06-16,Pitch Perfect 2,2015,https://boxd.it/7tNa
2023-06-16,When Harry Met Sally...,1989,https://boxd.it/29W2
2023-06-16,Funny Face,1957,https://boxd.it/1Qpy
2023-06-16,"Yes, God, Yes",2019,https://boxd.it/jaGS
2023-06-16,I Believe in Unicorns,2014,https://boxd.it/7qGA
2023-06-16,Ghost in the Shell,1995,https://boxd.it/1YYc
2023-06-16,Barbie as The Princess & the Pauper,2004,https://boxd.it/1MGU
2023-06-16,Barbie in the 12 Dancing Princesses,2006,https://boxd.it/1R34
2023-06-17,Barbie: Princess Charm School,2011,https://boxd.it/2vLK
2023-06-17,Tamako Love Story,2014,https://boxd.it/7Bww
2023-06-17,Asterix and Cleopatra,1968,https://boxd.it/1Xv4
2023-06-17,Fantasia 2000,1999,https://boxd.it/ENG
2023-06-17,Barbie and the Three Musketeers,2009,https://boxd.it/1z4y
2023-06-17,Asterix in Britain,1986,https://boxd.it/1YZ0
2023-06-17,Riding Bean,1989,https://boxd.it/rYG
2023-06-17,The Garden of Sinners: Remaining Sense of Pain,2008,https://boxd.it/1zAk
2023-06-17,Barbie of Swan Lake,2003,https://boxd.it/1MZM
2023-06-17,Asterix: The Mansions of the Gods,2014,https://boxd.it/5gge
2023-06-17,Asterix vs. Caesar,1985,https://boxd.it/1ZIk
2023-06-17,Animal Farm,1954,https://boxd.it/1SWE
2023-06-18,Teen Titans Go! To the Movies,2018,https://boxd.it/h13o
2023-06-18,The Suicide Shop,2012,https://boxd.it/3VE8
2023-06-18,Barbie in 'A Christmas Carol',2008,https://boxd.it/1Q8C
2023-06-18,Barbie in the Nutcracker,2001,https://boxd.it/1MGA
2023-06-18,Totally Spies! The Movie,2009,https://boxd.it/2yVe
2023-06-18,Barbie: Fairytopia,2005,https://boxd.it/1Quo
2023-06-18,"I Want a Dog for Christmas, Charlie Brown",2003,https://boxd.it/1y0U
2023-06-18,Barbie Mariposa,2008,https://boxd.it/1Hom
2023-06-18,Flavors of Youth,2018,https://boxd.it/iAAa
2023-06-18,Modern Girls,1986,https://boxd.it/14TA
2023-06-18,Barbie Fairytopia: Magic of the Rainbow,2007,https://boxd.it/1Jri
2023-06-18,Barbie: A Fairy Secret,2011,https://boxd.it/lZI
2023-06-18,Asterix the Gaul,1967,https://boxd.it/1ULS
2023-06-18,Made in U.S.A,1966,https://boxd.it/1nDw
2023-06-18,Eden of the East Movie I: The King of Eden,2009,https://boxd.it/1cnM
2023-06-18,Barbie in A Mermaid Tale 2,2012,https://boxd.it/3cYW
2023-06-18,Tinker Bell,2008,https://boxd.it/1QEy
2023-06-18,Asterix and the Big Fight,1989,https://boxd.it/1Too
2023-06-18,Tinker Bell and the Pirate Fairy,2014,https://boxd.it/5nyY
2023-06-18,Tinker Bell and the Lost Treasure,2009,https://boxd.it/1vKg
2023-06-18,Barbie Mariposa & the Fairy Princess,2013,https://boxd.it/5UGw
2023-06-18,Alice in Wonderland,1915,https://boxd.it/35Vm
2023-06-18,Flushed Away,2006,https://boxd.it/1Tpm
2023-06-18,Barbie in the Pink Shoes,2013,https://boxd.it/5dRG
2023-06-18,Happy Christmas,2014,https://boxd.it/7bjm
2023-06-18,Asterix Conquers America,1994,https://boxd.it/1YR6
2023-06-18,My Little Pony: Equestria Girls - Friendship Games,2015,https://boxd.it/bIYK
2023-06-18,Barbie: The Pearl Princess,2014,https://boxd.it/7x6Y
2023-06-18,Barbie: A Perfect Christmas,2011,https://boxd.it/2GiY
2023-06-18,Barbie & Her Sisters in the Great Puppy Adventure,2015,https://boxd.it/cixK
2023-06-18,Barbie and the Secret Door,2014,https://boxd.it/8R2k
2023-06-18,Barbie & Her Sisters in A Pony Tale,2013,https://boxd.it/6HTu
2023-06-18,Barbie: Dolphin Magic,2017,https://boxd.it/h75K
2023-06-18,Barbie in Rock 'N Royals,2015,https://boxd.it/bZ2y
2023-06-18,Barbie: Spy Squad,2016,https://boxd.it/d8rk
2023-06-19,Legally Blonde,2001,https://boxd.it/1ZNa
2023-09-16,Belle de Jour,1967,https://boxd.it/29Uq
2023-10-24,Hocus Pocus 25th Anniversary Halloween Bash,2018,https://boxd.it/kixw
2023-11-22,Marie Antoinette,2006,https://boxd.it/27Wa
2024-01-07,Kind Hearts and Coronets,1949,https://boxd.it/1SPe
2024-01-09,The Virgin Suicides,1999,https://boxd.it/28JG
2024-01-09,Eyes Wide Shut,1999,https://boxd.it/2axs
2024-01-09,(500) Days of Summer,2009,https://boxd.it/1EmM
2024-01-09,Return to Seoul,2022,https://boxd.it/zXDg
2024-01-10,Priscilla,2023,https://boxd.it/Cz3k
2024-01-10,The Boy and the Heron,2023,https://boxd.it/ipeM
2024-01-12,Confessions of a Teenage Drama Queen,2004,https://boxd.it/1UyE
2024-01-23,Heat,1995,https://boxd.it/2bg8
2024-01-23,Scent of a Woman,1992,https://boxd.it/1YAu
2024-01-23,...And Justice for All,1979,https://boxd.it/1IFI
2024-01-23,Sea of Love,1989,https://boxd.it/1Sq4
2024-01-23,Frankie and Johnny,1991,https://boxd.it/250S
2024-02-11,Requiem for a Dream,2000,https://boxd.it/29VI
2024-02-13,Monster,2023,https://boxd.it/DJEM
2024-02-19,Uptown Girls,2003,https://boxd.it/1N64
2024-02-22,After Sex,2007,https://boxd.it/1JdA
2024-02-25,Chidambaram,1985,https://boxd.it/7Sd2
2024-02-25,Nirmalyam,1973,https://boxd.it/abEq
2024-02-25,Goodbye Movie,1995,https://boxd.it/yEvU
2024-02-25,Basant,1942,https://boxd.it/eRsY
2024-02-25,Veer-Zaara,2004,https://boxd.it/24C2
2024-02-25,Devdas,2002,https://boxd.it/1Leq
2024-02-26,Drop Dead Gorgeous,1999,https://boxd.it/1W8e
2024-02-29,"I, Tonya",2017,https://boxd.it/dzR0
2024-02-29,My Old Ass,2024,https://boxd.it/zLP0
2024-03-04,Ocean Waves,1993,https://boxd.it/1CtQ
2024-03-05,Upcoming Summer,2021,https://boxd.it/vFce
2024-03-05,Delicious Romance,2023,https://boxd.it/Fp3g
2024-03-05,20 Once Again,2015,https://boxd.it/9Aae
2024-03-08,VeggieTales: A Snoodle's Tale,2004,https://boxd.it/8hoE
2024-03-08,"VeggieTales: Esther, The Girl Who Became Queen",2000,https://boxd.it/8hGo
2024-03-08,VeggieTales: Dave and the Giant Pickle,1996,https://boxd.it/8hpC
2024-03-08,VeggieTales: Sweetpea Beauty,2010,https://boxd.it/8bPa
2024-03-14,Maurice,1987,https://boxd.it/1tZy
2024-03-17,Thelma & Louise,1991,https://boxd.it/28Ew
2024-03-17,Eternal Sunshine of the Spotless Mind,2004,https://boxd.it/6YK
2024-03-17,Chloe,2009,https://boxd.it/1pZk
2024-03-25,Jab Tak Hai Jaan,2012,https://boxd.it/4iiu
2024-03-25,Ajab Prem Ki Ghazab Kahani,2009,https://boxd.it/1wUm
2024-03-25,Goliyon Ki Raasleela Ram-Leela,2013,https://boxd.it/6WPW
2024-03-25,Desi Boyz,2011,https://boxd.it/2MOw
2024-03-25,Tees Maar Khan,2010,https://boxd.it/O5Y
2024-03-25,Dil To Pagal Hai,1997,https://boxd.it/1OYG
2024-03-25,Aaja Nachle,2007,https://boxd.it/1OEm
2024-03-25,Curry & Cyanide: The Jolly Joseph Case,2023,https://boxd.it/Kdcq
2024-04-05,The Curse,2023,https://boxd.it/IWYq
2024-04-06,Yeh Jawaani Hai Deewani,2013,https://boxd.it/5Cmo
2024-04-06,Kabhi Khushi Kabhie Gham,2001,https://boxd.it/1Vtg
2024-04-06,Kabhi Alvida Naa Kehna,2006,https://boxd.it/1Oci
2024-04-06,Jab Harry Met Sejal,2017,https://boxd.it/fInW
2024-04-10,Catch Me If You Can,2002,https://boxd.it/29VS
2024-04-10,Clue,1985,https://boxd.it/1MDQ
2024-04-11,Confessions of a Shopaholic,2009,https://boxd.it/1E9e
2024-04-13,Girls Just Want to Have Fun,1985,https://boxd.it/1Ktk
2024-04-13,Freeze Frame,1992,https://boxd.it/69sk
2024-04-13,Nowhere,1997,https://boxd.it/286E
2024-04-13,Beetlejuice,1988,https://boxd.it/24QI
2024-04-13,Edward Scissorhands,1990,https://boxd.it/2aZc
2024-04-13,The Age of Innocence,1993,https://boxd.it/1WgM
2024-04-13,Little Women,1994,https://boxd.it/1YiU
2024-04-13,"Welcome Home, Roxy Carmichael",1990,https://boxd.it/1i6W
2024-04-13,Boys,1996,https://boxd.it/TYO
2024-04-13,Black Swan: Metamorphosis,2011,https://boxd.it/izMu
2024-06-11,Shutter Island,2010,https://boxd.it/1U82
2024-06-11,Rope,1948,https://boxd.it/28yo
2024-06-11,Vertigo,1958,https://boxd.it/2apI
2024-06-11,Crash,1996,https://boxd.it/29n2
2024-06-11,Body Double,1984,https://boxd.it/1TGW
2024-06-11,"sex, lies, and videotape",1989,https://boxd.it/28Oc
2024-06-11,Monster,2004,https://boxd.it/py6Q
2024-06-11,Psycho,1960,https://boxd.it/2ab2
2024-06-11,A Page of Madness,1926,https://boxd.it/3i2u
2024-06-11,Samsara,2011,https://boxd.it/3ada
2024-06-11,The Color of Pomegranates,1969,https://boxd.it/1u94
2024-06-11,Pink Flamingos,1972,https://boxd.it/29NO
2024-06-11,Flesh and Bone,2015,https://boxd.it/ex2c
2024-06-22,Am I OK?,2022,https://boxd.it/nPqY
2024-06-22,Titane,2021,https://boxd.it/nlQC
2024-06-22,I Used to Be Funny,2023,https://boxd.it/yzvU
2024-06-22,Tahara,2020,https://boxd.it/oSqa
2024-06-22,The Sweet East,2023,https://boxd.it/CcHw
2024-06-25,We Need to Talk About Kevin,2011,https://boxd.it/2pTS
2024-06-25,The Curious Case of Benjamin Button,2008,https://boxd.it/23Fk
2024-06-25,Three Thousand Years of Longing,2022,https://boxd.it/kmoy
2024-06-25,Memoria,2021,https://boxd.it/iwtE
2024-06-25,Julia,2008,https://boxd.it/20Y4
2024-06-30,There Will Be Blood,2007,https://boxd.it/20Z2
2024-06-30,Magnolia,1999,https://boxd.it/2aze
2024-06-30,Dr. Strangelove or: How I Learned to Stop Worrying and Love the Bomb,1964,https://boxd.it/29eY
2024-06-30,2001: A Space Odyssey,1968,https://boxd.it/2bf0
2024-06-30,The Shining,1980,https://boxd.it/29Nu
2024-06-30,Death Becomes Her,1992,https://boxd.it/1YQi
2024-06-30,She-Devil,1989,https://boxd.it/1UuW
2024-06-30,House of Gucci,2021,https://boxd.it/nVkC
2024-07-06,High and Low,1963,https://boxd.it/1RSc
2024-07-06,Ikiru,1952,https://boxd.it/251c
2024-07-06,Charade,1963,https://boxd.it/23O2
2024-07-06,Bottle Rocket,1996,https://boxd.it/1PDa
2024-07-06,Thief,1981,https://boxd.it/1TEc
2024-07-06,The Funeral,1984,https://boxd.it/XL0
2024-07-06,Tampopo,1985,https://boxd.it/1SZe
2024-07-07,Guillermo del Toro's Pinocchio,2022,https://boxd.it/kjMW
2024-07-07,Pagglait,2021,https://boxd.it/tz0s
2024-07-07,"Hello, Goodbye, and Everything in Between",2022,https://boxd.it/rYZ2
2024-07-07,To Sleep with Anger,1990,https://boxd.it/3iqG
2024-07-07,Eyimofe (This Is My Desire),2020,https://boxd.it/oLAi
2024-07-08,Blue Valentine,2010,https://boxd.it/MxG
2024-07-08,Women on the Verge of a Nervous Breakdown,1988,https://boxd.it/24GI
2024-07-08,Pierrot le Fou,1965,https://boxd.it/26j2
2024-07-08,Breathless,1960,https://boxd.it/2aIK
2024-07-08,21 Grams,2003,https://boxd.it/2ajK
2024-07-08,The Dreamers,2003,https://boxd.it/28X4
2024-07-08,Eve's Bayou,1997,https://boxd.it/QdU
2024-07-21,Sitting in Bars with Cake,2023,https://boxd.it/zkuu
2024-07-24,Lovers' Concerto,2002,https://boxd.it/uxI
2024-08-01,BlacKkKlansman,2018,https://boxd.it/hxL8
2024-08-16,The Jane Austen Book Club,2007,https://boxd.it/22hQ
2024-08-16,Gideon's Daughter,2005,https://boxd.it/hbO
2024-08-16,Salmon Fishing in the Yemen,2011,https://boxd.it/2Ptc
2024-08-16,The Girl on the Train,2016,https://boxd.it/bCJY
2024-08-16,Sicario,2015,https://boxd.it/8i7u
2024-08-16,The Wind Rises,2013,https://boxd.it/4JQS
2024-08-16,My Neighbor Totoro,1988,https://boxd.it/20eA
2024-08-16,Princess Mononoke,1997,https://boxd.it/2b4w
2024-08-16,Kiki's Delivery Service,1989,https://boxd.it/1JAY
2024-08-16,Grave of the Fireflies,1988,https://boxd.it/1RUM
2024-08-16,Your Sister's Sister,2011,https://boxd.it/2Y04
2024-08-16,Wild Target,2010,https://boxd.it/SGk
2024-08-16,The Young Victoria,2009,https://boxd.it/1HaO
2024-08-16,The Witch,2015,https://boxd.it/9X0m
2024-08-16,Ohm Shanthi Oshaana,2014,https://boxd.it/7AF8
2024-08-16,Vaaranam Aayiram,2008,https://boxd.it/15yo
2024-08-22,Paris Is Burning,1990,https://boxd.it/1jzg
2024-08-26,Sing Sing,2023,https://boxd.it/HIBA
2024-08-28,Ek Villain,2014,https://boxd.it/8r3G
2024-09-10,Friday,1995,https://boxd.it/1VLO
2024-09-10,They Cloned Tyrone,2023,https://boxd.it/rE7a
2024-09-10,The Sisterhood of the Traveling Pants,2005,https://boxd.it/1XPo
2024-09-11,My Birthday,2024,https://boxd.it/Oo38
2024-09-11,Three Friends,2024,https://boxd.it/H0os
2024-09-11,Anywhere Anytime,2024,https://boxd.it/OnoE
2024-10-03,All of Us Strangers,2023,https://boxd.it/Bz3C
2024-10-03,Ammonite,2020,https://boxd.it/kQpQ
2024-10-03,The Bridges of Madison County,1995,https://boxd.it/29Os
2024-10-03,Lovesong,2016,https://boxd.it/cSSY
2024-10-03,Sunrise: A Song of Two Humans,1927,https://boxd.it/29Xk
2024-10-03,Scenes from a Marriage,1974,https://boxd.it/4kJC
2024-10-12,The Lorax,2012,https://boxd.it/2w9M
2024-10-12,Climax,2018,https://boxd.it/ikvo
2024-10-12,Serial (Bad) Weddings,2014,https://boxd.it/7Nw4
2024-10-12,Okja,2017,https://boxd.it/dvXe
2024-10-12,Interstellar,2014,https://boxd.it/4VZ8
2024-10-12,Pulp Fiction,1994,https://boxd.it/29Pq
2024-10-12,Forrest Gump,1994,https://boxd.it/728
2024-10-12,The Wolf of Wall Street,2013,https://boxd.it/3C1m
2024-10-12,Inglourious Basterds,2009,https://boxd.it/1JzG
2024-10-12,Kill Bill: Vol. 1,2003,https://boxd.it/70w
2024-10-12,Scott Pilgrim vs. the World,2010,https://boxd.it/1Aq6
2024-10-12,The Perks of Being a Wallflower,2012,https://boxd.it/2ZA8
2024-10-15,The Notebook,2004,https://boxd.it/1UNE
2024-10-20,Mayabazar,1957,https://boxd.it/4XfG
2024-10-26,The Fan,1982,https://boxd.it/3zkA
2024-10-26,Suspiria,1977,https://boxd.it/1SNW
2024-10-26,Drive,2011,https://boxd.it/IG
2024-10-26,Boyz n the Hood,1991,https://boxd.it/29Ug
2024-10-26,Spring Breakers,2012,https://boxd.it/421s
2024-10-26,Lost in Translation,2003,https://boxd.it/2b0E
2024-10-26,13 Going on 30,2004,https://boxd.it/1X6e
2024-10-26,How to Lose a Guy in 10 Days,2003,https://boxd.it/1XwG
2024-10-26,NANA,2006,https://boxd.it/qBBE
2024-10-26,Corpse Bride,2005,https://boxd.it/24WQ
2024-10-26,Cruel Intentions,1999,https://boxd.it/29Be
2024-10-26,Chicago,2002,https://boxd.it/28zm
2024-10-26,The Royal Tenenbaums,2001,https://boxd.it/1YHU
2024-10-26,"Are You There God? It's Me, Margaret.",2023,https://boxd.it/kiYC
2024-10-26,The Wizard of Oz,1939,https://boxd.it/29Xu
2024-10-26,Alice in Wonderland,1951,https://boxd.it/1Sz6
2024-10-26,The Beguiled,2017,https://boxd.it/dZ1k
2024-10-26,The Holiday,2006,https://boxd.it/28ye
2024-10-26,Carrie,1976,https://boxd.it/20ZQ
2024-10-26,D.E.B.S.,2004,https://boxd.it/2aaS
2024-10-26,Lisa Frankenstein,2024,https://boxd.it/ByjY
2024-10-26,Before Sunrise,1995,https://boxd.it/2bcU
2024-10-26,"Paris, Texas",1984,https://boxd.it/29Ts
2024-10-26,Donkey Skin,1970,https://boxd.it/22V2
2024-10-26,The Eyes of Tammy Faye,2021,https://boxd.it/mbB6
2024-10-26,The Young Girls of Rochefort,1967,https://boxd.it/26K8
2024-10-26,The Umbrellas of Cherbourg,1964,https://boxd.it/22fK
2024-10-26,Pretty Woman,1990,https://boxd.it/2b6M
2024-10-26,Scarface,1932,https://boxd.it/29oa
2024-10-26,All Cheerleaders Die,2013,https://boxd.it/6ipk
2024-10-26,Scream,2022,https://boxd.it/o0lg
2024-10-26,It,1990,https://boxd.it/26tG
2024-10-26,Immaculate,2024,https://boxd.it/Douw
2024-10-26,Picnic at Hanging Rock,1975,https://boxd.it/1UQe
2024-10-26,The Village,2004,https://boxd.it/21iS
2024-10-26,Bride Wars,2009,https://boxd.it/1W3I
2024-10-27,Halloween,1978,https://boxd.it/2wRu
2024-10-27,A Nightmare on Elm Street,1984,https://boxd.it/2aw0
2024-10-27,Friday the 13th,1980,https://boxd.it/24fs
2024-10-27,Black Christmas,1974,https://boxd.it/1Js6
2024-11-02,Woman of the Hour,2023,https://boxd.it/vuz2
2024-11-11,Zoolander,2001,https://boxd.it/1YMA
2024-11-11,V for Vendetta,2005,https://boxd.it/29Ik
2024-11-11,The Darjeeling Limited,2007,https://boxd.it/24as
2024-11-11,Léon: The Professional,1994,https://boxd.it/2b8S
2024-11-11,Vox Lux,2018,https://boxd.it/fcFk
2024-11-11,Closer,2004,https://boxd.it/270K
2024-11-11,Tell It to the Bees,2018,https://boxd.it/h50e
2024-11-11,Holy Smoke,1999,https://boxd.it/1Pq6
2024-11-11,Secretary,2002,https://boxd.it/1URc
2024-11-11,Fatal Attraction,1987,https://boxd.it/1UTC
2024-11-11,Basic Instinct,1992,https://boxd.it/2asM
2024-11-12,Lost Highway,1997,https://boxd.it/29Wc
2024-11-12,Pariah,2011,https://boxd.it/2wWk
2024-11-12,Interview with the Vampire,1994,https://boxd.it/29XO
2024-11-12,"Apolonia, Apolonia",2022,https://boxd.it/DCxu
2024-11-12,Lesbian Avengers Eat Fire Too,1993,https://boxd.it/d7my
2024-11-12,Helter Skelter,2012,https://boxd.it/3ybW
2024-11-12,Desert Hearts,1985,https://boxd.it/2aFc
2024-11-12,Requiem,2021,https://boxd.it/CxWW
2024-11-13,Trap,2024,https://boxd.it/D4nK
2024-11-16,Temple Grandin,2010,https://boxd.it/1fbu
2024-11-20,Much Ado About Nothing,1993,https://boxd.it/1SDM
2024-11-23,Pi,1998,https://boxd.it/2ajq
2024-11-23,Lady Snowblood,1973,https://boxd.it/26Fi
2024-11-23,Ginger Snaps,2000,https://boxd.it/1XEg
2024-12-06,The Evil Dead,1981,https://boxd.it/29Go
2024-12-06,Twin Peaks,1989,https://boxd.it/g8pk
2024-12-10,Perras,2011,https://boxd.it/3OqS
2024-12-10,Nadie te ve: La niña en la piedra,2007,https://boxd.it/3ooQ
2024-12-14,Coyote Ugly,2000,https://boxd.it/21PW
2024-12-14,The Other Woman,2009,https://boxd.it/yOI
2024-12-14,Psycho Beach Party,2000,https://boxd.it/1r7E
2024-12-14,Autumn in New York,2000,https://boxd.it/1VKG
2024-12-14,Sleepwalk with Me,2012,https://boxd.it/2Y2u
2024-12-14,Can't Hardly Wait,1998,https://boxd.it/1MWI
2024-12-14,In & Out,1997,https://boxd.it/1VlG
2024-12-14,Cold Souls,2009,https://boxd.it/1lIE
2024-12-16,Stoker,2013,https://boxd.it/34S2
2024-12-17,Alive,1993,https://boxd.it/210u
2024-12-18,Aparajito,1956,https://boxd.it/29kW
2024-12-18,Apur Sansar,1959,https://boxd.it/29l6
2024-12-18,Hum Dil De Chuke Sanam,1999,https://boxd.it/238g
2024-12-18,Ra.One,2011,https://boxd.it/ZbS
2024-12-18,Aśoka,2001,https://boxd.it/24m4
2024-12-19,The Green Knight,2021,https://boxd.it/kuy2
2024-12-19,Waves,2019,https://boxd.it/jpmy
2024-12-19,The Tragedy of Macbeth,2021,https://boxd.it/lMi4
2024-12-19,The Humans,2021,https://boxd.it/lEQM
2024-12-19,Showing Up,2022,https://boxd.it/tJ1q
2024-12-19,The Wild Robot,2024,https://boxd.it/IWFy
2024-12-20,Nadodikkattu,1987,https://boxd.it/8n3W
2024-12-20,Innale,1989,https://boxd.it/75qQ
2024-12-20,Premam,2015,https://boxd.it/bod0
2024-12-20,Dhaam Dhoom,2008,https://boxd.it/2hTK
2024-12-23,Kandukondain Kandukondain,2000,https://boxd.it/2ha6
2024-12-23,Phir Hera Pheri,2006,https://boxd.it/1DCk
2024-12-23,Love Aaj Kal,2009,https://boxd.it/1EJc
2024-12-23,Hum Tum,2004,https://boxd.it/24BI
2024-12-23,Ninne Pelladatha,1996,https://boxd.it/4qcE
2024-12-23,Snegithiye,2000,https://boxd.it/eVlW
2024-12-23,Portrait of a Lady on Fire,2019,https://boxd.it/jkPq
2024-12-23,The Bling Ring,2013,https://boxd.it/3lPY
2024-12-23,Society of the Snow,2023,https://boxd.it/y9aw
2024-12-23,Raw,2016,https://boxd.it/dLd2
2024-12-23,Dead Poets Society,1989,https://boxd.it/2aSg
2024-12-23,Scream,1996,https://boxd.it/24EC
2024-12-23,The Killing of a Sacred Deer,2017,https://boxd.it/dZ5G
2024-12-23,Past Lives,2023,https://boxd.it/oNB8
2024-12-23,Gangubai Kathiawadi,2022,https://boxd.it/oJek
2024-12-23,MaXXXine,2024,https://boxd.it/CIM4
2024-12-23,Oppenheimer,2023,https://boxd.it/wUow
2024-12-23,Maja Ma,2022,https://boxd.it/ADag
2024-12-23,Challengers,2024,https://boxd.it/zld0
2024-12-23,Poor Things,2023,https://boxd.it/tNWU
2024-12-23,Heathers,1989,https://boxd.it/26x4
2024-12-23,Shiva Baby,2020,https://boxd.it/oIv0
2024-12-23,Elvira: Mistress of the Dark,1988,https://boxd.it/22LG
2024-12-23,Bottoms,2023,https://boxd.it/uGf2
2024-12-23,Saltburn,2023,https://boxd.it/z4eg
2024-12-23,Scarface,1983,https://boxd.it/2b7g
2024-12-23,The Godfather,1972,https://boxd.it/2aNK
2024-12-23,Miss Congeniality,2000,https://boxd.it/28GM
2024-12-31,Bram Stoker's Dracula,1992,https://boxd.it/223a
2024-12-31,Shadow of the Vampire,2000,https://boxd.it/1Vb2
2024-12-31,Vampire's Kiss,1988,https://boxd.it/21aY
2025-01-07,The Human Condition I: No Greater Love,1959,https://boxd.it/1jAy
2025-01-09,Piku,2015,https://boxd.it/aXUc
2025-01-09,Aashiqui 2,2013,https://boxd.it/5One
2025-01-19,I'm Thinking of Ending Things,2020,https://boxd.it/i4IQ
2025-01-27,The Quiet,2005,https://boxd.it/1XKy
2025-01-27,Persepolis,2007,https://boxd.it/27DC
2025-01-27,Persephone,2019,https://boxd.it/pTpk
2025-01-27,The Duke of Burgundy,2014,https://boxd.it/7kwu
2025-01-27,Don't Deliver Us from Evil,1971,https://boxd.it/d7I
2025-01-27,The Diary of a Teenage Girl,2015,https://boxd.it/7kru
2025-01-27,Daisies,1966,https://boxd.it/LZk
2025-01-27,Water Lilies,2007,https://boxd.it/1VjK
2025-01-27,Mirror,1975,https://boxd.it/28Q8
2025-01-27,The Craft,1996,https://boxd.it/1Zai
2025-01-30,Theorem,1968,https://boxd.it/237C
2025-01-31,Love Me,2024,https://boxd.it/xgoe
2025-02-01,A Bigger Splash,2015,https://boxd.it/azgs
2025-02-01,My Broken Mariko,2022,https://boxd.it/z2N4
2025-02-01,Ghost World,2001,https://boxd.it/28Dy
2025-02-01,Hana & Alice,2004,https://boxd.it/1qXa
2025-02-01,Kamikaze Girls,2004,https://boxd.it/1ucC
2025-02-01,Bounce Ko Gals,1997,https://boxd.it/1sgC
2025-02-01,Solanin,2010,https://boxd.it/PbI
2025-02-01,Black Orpheus,1959,https://boxd.it/11PU
2025-02-02,El brassier de Emma,2007,https://boxd.it/3koM
2025-02-03,Bug,2006,https://boxd.it/1RN2
2025-02-03,3 Women,1977,https://boxd.it/YPs
2025-02-03,Kotoko,2011,https://boxd.it/3030
2025-02-13,Let It Shine,2012,https://boxd.it/3PLi
2025-02-21,Barbie and the Diamond Castle,2008,https://boxd.it/1R2K
2025-02-28,Vivarium,2019,https://boxd.it/gmVE
2025-03-02,The Da Vinci Code,2006,https://boxd.it/2a3i
2025-03-24,La La Land,2016,https://boxd.it/a5fa
2025-03-26,Joy Ride,2023,https://boxd.it/wEeK
2025-04-03,Mujhse Dosti Karoge!,2002,https://boxd.it/1uci
2025-04-08,Barbarella,1968,https://boxd.it/20Ba
2025-04-08,Nine to Five,1980,https://boxd.it/1F2S
2025-04-08,Book Club,2018,https://boxd.it/i9gs
2025-04-08,Book Club: The Next Chapter,2023,https://boxd.it/B6qM
2025-04-09,Mirror Mirror,2012,https://boxd.it/awA
2025-04-11,Yellow Door: '90s Lo-fi Film Club,2023,https://boxd.it/DYe0
2025-04-11,Our Beloved Summer,2021,https://boxd.it/z6IW
2025-04-11,Velvet Buzzsaw,2019,https://boxd.it/gAy0
2025-04-17,The Watermelon Woman,1996,https://boxd.it/RRc
2025-04-18,"The Adventures of Priscilla, Queen of the Desert",1994,https://boxd.it/26mg
2025-04-18,Life of Pi,2012,https://boxd.it/37pC
2025-04-23,Piece By Piece,2024,https://boxd.it/KYFO
2025-04-25,"To Wong Foo, Thanks for Everything! Julie Newmar",1995,https://boxd.it/1ZbK
2025-05-15,Mulholland Drive,2001,https://boxd.it/297o
2025-05-16,Petite Maman,2021,https://boxd.it/s6je
2025-05-16,Edge of Seventeen,1998,https://boxd.it/23Ew
2025-05-16,Quills,2000,https://boxd.it/1Vay
2025-05-16,The Reader,2008,https://boxd.it/20Dq
2025-05-16,Sound of Metal,2019,https://boxd.it/i7Q4
2025-05-16,Me and Earl and the Dying Girl,2015,https://boxd.it/9SAE
2025-05-16,Little Fish,2020,https://boxd.it/lAFK
2025-05-16,Lars and the Real Girl,2007,https://boxd.it/21tG
2025-05-18,Malcolm X,1992,https://boxd.it/27WE
2025-05-18,American Gangster,2007,https://boxd.it/23wi
2025-05-18,The Equalizer,2014,https://boxd.it/4TUK
2025-05-29,One Day,2011,https://boxd.it/Asu
2025-05-29,Far from Heaven,2002,https://boxd.it/1VzS
2025-05-29,The Danish Girl,2015,https://boxd.it/9Ohy
2025-05-29,Tangerine,2015,https://boxd.it/9QRe
2025-05-29,The Piano,1993,https://boxd.it/29Kq
2025-05-29,Rafiki,2018,https://boxd.it/iMFc
2025-05-29,Elena Undone,2010,https://boxd.it/om0
2025-05-29,Amour,2012,https://boxd.it/34Q6
2025-05-29,Like Crazy,2011,https://boxd.it/g4s
2025-05-29,God's Own Country,2017,https://boxd.it/faZM
2025-05-29,Revolutionary Road,2008,https://boxd.it/24Le
2025-05-29,The Hours,2002,https://boxd.it/2a3s
2025-05-29,45 Years,2015,https://boxd.it/9ZPG
2025-05-29,Brief Encounter,1945,https://boxd.it/29sm
2025-05-29,Take This Waltz,2011,https://boxd.it/34vW
2025-05-29,Before Sunset,2004,https://boxd.it/2bcg
2025-05-29,Bright Star,2009,https://boxd.it/1mfI
2025-05-29,Laurence Anyways,2012,https://boxd.it/3HQu
2025-05-29,We Don't Live Here Anymore,2004,https://boxd.it/1z1O
2025-05-29,The Lake House,2006,https://boxd.it/27yM
2025-05-29,Girl with a Pearl Earring,2003,https://boxd.it/256G
2025-05-29,Scenes from a Marriage,2021,https://boxd.it/wzSU
2025-05-31,Mala Mala,2014,https://boxd.it/7RQW
2025-06-06,Burlesque,2010,https://boxd.it/Xfo
2025-06-06,Novitiate,2017,https://boxd.it/ewpa
2025-06-08,Dhak Dhak,2023,https://boxd.it/ATws
2025-06-12,A Single Man,2009,https://boxd.it/1dx4
2025-06-12,The Incredibly True Adventure of Two Girls in Love,1995,https://boxd.it/1nDc
2025-06-13,Bride & Prejudice,2004,https://boxd.it/lM0
2025-06-13,Chak De! India,2007,https://boxd.it/1ODI
2025-06-14,Wig,2019,https://boxd.it/lZtu
2025-06-25,Cowboys,2020,https://boxd.it/ppjG
2025-06-25,Gondola,2023,https://boxd.it/J04m
2025-06-25,My Beautiful Laundrette,1985,https://boxd.it/1UhI
2025-06-25,Black Is… Black Ain’t,1994,https://boxd.it/2FZ8
2025-06-25,The Black Power Mixtape 1967-1975,2011,https://boxd.it/2ypM
2025-06-25,Love Exposure,2008,https://boxd.it/1pDe
2025-06-25,Mars One,2022,https://boxd.it/yoPa
2025-06-25,Human,2015,https://boxd.it/cchc
2025-06-25,The Half of It,2020,https://boxd.it/m0T4
2025-07-02,The Worst Person in the World,2021,https://boxd.it/oyws
2025-07-02,Perfect Days,2023,https://boxd.it/ATh8
2025-07-12,Spencer,2021,https://boxd.it/qPMG
2025-07-12,The Bone Collector,1999,https://boxd.it/1Yzw
2025-07-19,Billu,2009,https://boxd.it/1Kj0
2025-07-19,A Nice Indian Boy,2024,https://boxd.it/GG6o
2025-07-19,Dazed and Confused,1993,https://boxd.it/1Ylk
2025-07-19,Good Will Hunting,1997,https://boxd.it/2ahY
2025-07-19,He's Just Not That Into You,2009,https://boxd.it/1WSG
2025-07-22,Eddington,2025,https://boxd.it/o6MC
2025-07-22,How to Train Your Dragon,2025,https://boxd.it/F7Je
2025-07-22,"Sorry, Baby",2025,https://boxd.it/JKNi
2025-07-24,The Trial of the Chicago 7,2020,https://boxd.it/kn3w
2025-07-26,Kama Sutra: A Tale of Love,1996,https://boxd.it/1qt0
2025-07-26,Life Is Rosy,1987,https://boxd.it/657M
2025-07-26,Slumdog Millionaire,2008,https://boxd.it/1S3E
2025-07-26,The Namesake,2006,https://boxd.it/1JJG
2025-07-26,A Mighty Heart,2007,https://boxd.it/27Ha
2025-07-26,Mom,2017,https://boxd.it/edYA
2025-07-26,Varumayin Niram Sivappu,1980,https://boxd.it/8iG
2025-07-26,Umrao Jaan,1981,https://boxd.it/2rk6
2025-07-26,Sholay,1975,https://boxd.it/1Saq
2025-07-26,Paheli,2005,https://boxd.it/1g8Q
2025-07-28,Joyland,2022,https://boxd.it/AlzM
2025-07-28,Happyend,2024,https://boxd.it/rnUa
2025-08-01,Aap Jaisa Koi,2025,https://boxd.it/Rwvq
2025-08-01,Pet Shop Days,2023,https://boxd.it/ENFQ
2025-08-01,Thunderheart,1992,https://boxd.it/1S4s
2025-08-01,Atomic Blonde,2017,https://boxd.it/blDk
2025-08-02,Lion,2016,https://boxd.it/b2La
2025-08-02,Wake Up Sid,2009,https://boxd.it/1C8e
2025-08-06,Sunset Boulevard,1950,https://boxd.it/2a20
2025-08-07,"Oh, Hi!",2025,https://boxd.it/PLns
2025-08-13,Jawan,2023,https://boxd.it/wVDs
2025-08-17,Malliswari,2004,https://boxd.it/2PKC
2025-08-17,Malliswari,1951,https://boxd.it/3iI6
2025-08-17,Swades,2004,https://boxd.it/1Ly6
2025-08-18,Dirty Harry,1971,https://boxd.it/299E
2025-08-18,Nayakan,1987,https://boxd.it/1meA
2025-08-18,Guru,2007,https://boxd.it/1Lyq
2025-08-18,Thalapathi,1991,https://boxd.it/1mDg
2025-08-22,Andhadhun,2018,https://boxd.it/jtfc
2025-08-22,Pad Man,2018,https://boxd.it/fX5e
2025-08-22,Lust Stories,2018,https://boxd.it/jh4G
2025-08-25,Qarib Qarib Singlle,2017,https://boxd.it/hfbw
2025-08-27,STRAW,2025,https://boxd.it/SNQC
2025-08-27,Diary of a Mad Black Woman,2005,https://boxd.it/1KDE
2025-08-31,Devasuram,1993,https://boxd.it/707u
2025-09-04,Udaan,2010,https://boxd.it/PPe
2025-09-06,Talaash,2012,https://boxd.it/33ae
2025-09-06,Ek Ladki Ko Dekha Toh Aisa Laga,2019,https://boxd.it/jp1g
2025-09-07,Vicky Cristina Barcelona,2008,https://boxd.it/23rW
2025-09-07,The Goat Life,2024,https://boxd.it/gVZQ
2025-09-09,Ustad Hotel,2012,https://boxd.it/3UNy
2025-09-09,Oru Indian Pranayakadha,2013,https://boxd.it/7dUu
2025-09-09,Akashadoothu,1993,https://boxd.it/a9Yo
2025-09-09,Black,2005,https://boxd.it/1hZQ
2025-09-10,Songs of Forgotten Trees,2025,https://boxd.it/WrXO
2025-09-12,Humanist Vampire Seeking Consenting Suicidal Person,2023,https://boxd.it/Blzk
2025-09-17,Red Rooms,2023,https://boxd.it/ym4c
2025-09-17,Alps,2011,https://boxd.it/2RHg
2025-09-17,Border,2018,https://boxd.it/iMbG
2025-09-17,The Role,1977,https://boxd.it/2JMW
2025-09-17,Madhumati,1958,https://boxd.it/5cy4
2025-09-17,Devdas,1955,https://boxd.it/4oPk
2025-09-17,The Music Room,1958,https://boxd.it/29x2
2025-09-17,The Big City,1963,https://boxd.it/fI2
2025-09-17,American Honey,2016,https://boxd.it/bk7C
2025-09-17,Memories of Matsuko,2006,https://boxd.it/1iVU
2025-09-17,"Big Bang Love, Juvenile A",2006,https://boxd.it/1Qqc
2025-09-17,Blue Spring,2001,https://boxd.it/1fIo
2025-09-17,The Quiet Girl,2022,https://boxd.it/yvgm
2025-09-17,Karmen Gei,2001,https://boxd.it/7rGm
2025-09-17,A Fantastic Woman,2017,https://boxd.it/fcGi
2025-09-17,The Wound,2017,https://boxd.it/fb0q
2025-09-17,Show Me Love,1998,https://boxd.it/1TmW
2025-09-17,Tove,2020,https://boxd.it/msKO
2025-09-17,Intermission,2023,https://boxd.it/t2Z8
2025-09-17,"I'm a Girl, I'm a Princess",2021,https://boxd.it/uAFS
2025-09-17,Light Light Light,2023,https://boxd.it/rh9i
2025-09-17,Fireworks,2023,https://boxd.it/xG2o
2025-09-17,A Moment of Innocence,1996,https://boxd.it/T6W
2025-09-17,La Haine,1995,https://boxd.it/2as8
2025-09-18,Real Women Have Curves,2002,https://boxd.it/1lBI
2025-09-19,Anantaram,1987,https://boxd.it/8m3G
2025-09-19,Snowpiercer,2013,https://boxd.it/3Icg
2025-09-19,La Chimera,2023,https://boxd.it/vzVi
2025-09-19,Lilya 4-ever,2002,https://boxd.it/1SyW
2025-09-19,Days and Nights in the Forest,1970,https://boxd.it/1bM2
2025-09-19,Aradhana,1969,https://boxd.it/3lDy
2025-09-19,An Evening in Paris,1967,https://boxd.it/36hC
2025-09-23,Edge of Tomorrow,2014,https://boxd.it/4pD0
2025-09-26,Someday or One Day,2019,https://boxd.it/uSFc
2025-09-26,The River,1951,https://boxd.it/Q3K
2025-09-26,The River,1997,https://boxd.it/uEk
2025-09-29,Taxi Driver,1976,https://boxd.it/2b8y
2025-09-29,A Taxi Driver,2017,https://boxd.it/fwac
2025-09-30,A Gentleman,2017,https://boxd.it/gQ8s
2025-10-05,Kapoor & Sons,2016,https://boxd.it/cZDm
2025-10-05,Coffee Prince,2007,https://boxd.it/uSIg
2025-10-06,Insomnia,2002,https://boxd.it/2aB0
2025-10-10,Iruvar,1997,https://boxd.it/H2o
2025-10-10,Chokher Bali,2003,https://boxd.it/5CTM
2025-10-11,Kantara - A Legend: Chapter 1,2025,https://boxd.it/EZaq
2025-10-11,Kantara,2022,https://boxd.it/wqK8
2025-10-14,Summer in Bethlehem,1998,https://boxd.it/8BAq
2025-10-14,Where Is the Friend's House?,1987,https://boxd.it/ELg
2025-10-17,Arrival,2016,https://boxd.it/aNGk
2025-10-22,Fucktoys,2025,https://boxd.it/SBU8
2025-10-23,The Stranger,2025,https://boxd.it/STpW
2025-10-23,Bugonia,2025,https://boxd.it/qeWY
2025-10-29,The Cabinet of Dr. Caligari,1920,https://boxd.it/2aOo
2025-11-04,Pavithram,1994,https://boxd.it/7jfi
2025-11-05,Thirst,2009,https://boxd.it/1Aqq
2025-11-05,Bob & Carol & Ted & Alice,1969,https://boxd.it/1tIM
2025-11-10,Kids,1995,https://boxd.it/1YUY
2025-11-10,Dogville,2003,https://boxd.it/2a8W
2025-11-10,Melancholia,2011,https://boxd.it/bPI
2025-11-10,To Die For,1995,https://boxd.it/2a5o
2025-11-10,The Passion of Joan of Arc,1928,https://boxd.it/29DO
2025-11-10,Dancer in the Dark,2000,https://boxd.it/71E
2025-11-10,Arakimentari,2004,https://boxd.it/3AIo
2025-11-10,Hotel Room,1993,https://boxd.it/gBG
2025-11-10,Hotel Room,1981,https://boxd.it/5Wqq
2025-11-11,Yearning,1964,https://boxd.it/3JYg
2025-11-11,Close-Up,1990,https://boxd.it/1m9q
2025-11-11,The Seventh Seal,1957,https://boxd.it/2ahO
2025-11-16,Bulbbul,2020,https://boxd.it/qKNY
2025-12-01,Pale Flower,1964,https://boxd.it/dGS
2025-12-01,Cléo from 5 to 7,1962,https://boxd.it/2agm
2025-12-01,Sigappu Rojakkal,1978,https://boxd.it/8hy
2025-12-07,Vivre Sa Vie,1962,https://boxd.it/28s6
2025-12-07,Mysterious Skin,2004,https://boxd.it/1UsG
2025-12-07,A Woman Under the Influence,1974,https://boxd.it/1myg
2025-12-07,My Own Private Idaho,1991,https://boxd.it/2ak4
2025-12-07,Little Miss Sunshine,2006,https://boxd.it/29EW
2025-12-07,Fallen Angels,1995,https://boxd.it/1UkW
2025-12-07,Silvia Prieto,1999,https://boxd.it/EI2
2025-12-07,Control,2007,https://boxd.it/22IC
2025-12-07,"Right Now, Wrong Then",2015,https://boxd.it/bWs4
2025-12-07,Beautiful Boy,2018,https://boxd.it/g76Q
2025-12-07,Boyhood,2014,https://boxd.it/3178
2025-12-07,Party Girl,1995,https://boxd.it/1b7e
2025-12-07,The Piano Teacher,2001,https://boxd.it/2886
2025-12-07,The Juniper Tree,1990,https://boxd.it/1nr6
2025-12-07,Dracula,2025,https://boxd.it/Ow9I
2025-12-17,Comets,2019,https://boxd.it/n0y8
2025-12-17,Blissfully Yours,2002,https://boxd.it/LFu
2025-12-17,Uncle Boonmee Who Can Recall His Past Lives,2010,https://boxd.it/168Q
2025-12-17,Lan Yu,2001,https://boxd.it/1sBU
2025-12-17,Beau Travail,1999,https://boxd.it/1NI8
2025-12-17,Murmur of Youth,1997,https://boxd.it/46O4
2025-12-17,"Mary Is Happy, Mary Is Happy.",2013,https://boxd.it/7kDq
2025-12-17,Irma Vep,1996,https://boxd.it/1vYs
2025-12-17,Keiko,1979,https://boxd.it/5fvC
2025-12-17,Twilight's Kiss,2019,https://boxd.it/nn8i
2025-12-17,Blue,2002,https://boxd.it/3q1k
2025-12-17,Your Fingertips,2007,https://boxd.it/4qxi
2025-12-17,Thelma,2017,https://boxd.it/e7Ce
2025-12-17,Angry Indian Goddesses,2015,https://boxd.it/caj6
2025-12-17,Drifting Flowers,2008,https://boxd.it/2oh4
2025-12-17,Where We Belong,2019,https://boxd.it/mwrm
2025-12-17,The Little House,2014,https://boxd.it/7ulQ
2025-12-17,The Blue Hour,2015,https://boxd.it/ayS6
2025-12-17,Days,2020,https://boxd.it/oEE8
2025-12-17,Kiss of the Spider Woman,1985,https://boxd.it/1Tci
2025-12-17,If It Were Love,2020,https://boxd.it/o84i
2025-12-17,The World Unseen,2007,https://boxd.it/1k1k
2025-12-17,The Meetings of Anna,1978,https://boxd.it/3gEG
2025-12-17,Between the Seasons,2018,https://boxd.it/jXiq
2025-12-17,With Beauty and Sorrow,1965,https://boxd.it/6vFA
2025-12-17,Manji,1964,https://boxd.it/2OuI
2025-12-17,Farewell My Concubine,1993,https://boxd.it/1UTM
2025-12-17,No Regret,2006,https://boxd.it/1fWg
2025-12-17,Je Tu Il Elle,1974,https://boxd.it/3gWK
2025-12-17,Eva + Candela,2018,https://boxd.it/j6WM
2025-12-17,Spider Lilies,2007,https://boxd.it/VjS
2025-12-17,Y Tu Mamá También,2001,https://boxd.it/28QM
2025-12-17,First Birthday,2012,https://boxd.it/fqE6
2025-12-17,My Life in Pink,1997,https://boxd.it/1sx4
2025-12-17,Talk to Her,2002,https://boxd.it/2beG
2025-12-17,Dark Habits,1983,https://boxd.it/20tg
2025-12-17,Fire,1996,https://boxd.it/2ae6
2025-12-17,Celestial Clockwork,1995,https://boxd.it/4CnE
2025-12-17,Love/Juice,2000,https://boxd.it/482w
2025-12-17,The Scent of Pheasant’s Eye: An Episode from the Tales of Flowers,1935,https://boxd.it/ci6Y
2025-12-17,West North West,2015,https://boxd.it/fYpE
2025-12-17,The Beautiful Person,2008,https://boxd.it/152W
2025-12-17,Song Lang,2018,https://boxd.it/jODa
2025-12-17,Badhaai Do,2022,https://boxd.it/sl1E
2025-12-17,Sisi & I,2023,https://boxd.it/yp3Q
2025-12-17,All the Colours of the World Are Between Black and White,2023,https://boxd.it/EGG8
2025-12-17,"Mom, If I Were A Vampire",2022,https://boxd.it/Bj4E
2025-12-17,The Killing of Sister George,1968,https://boxd.it/tX6
2025-12-17,Working Girls,1986,https://boxd.it/3kYA
2025-12-17,Happy Together,1997,https://boxd.it/1Ha0
2025-12-17,Cemetery of Splendor,2015,https://boxd.it/9tIo
2025-12-17,Harikrishnans,1998,https://boxd.it/86pw
2025-12-17,Kadhalukku Mariyaadai,1997,https://boxd.it/2hEU
2025-12-17,Nokkethadhoorathu Kannum Nattu,1984,https://boxd.it/8Ci8
2025-12-17,Pappayude Swantham Appoos,1992,https://boxd.it/5wUE
2025-12-17,Kannukkul Nilavu,2000,https://boxd.it/2hFy
2025-12-17,The Party,2017,https://boxd.it/eEVS
2025-12-17,Yes,2004,https://boxd.it/1w20
2025-12-17,"I Am an Ox, I Am a Horse, I Am a Man, I Am a Woman",1988,https://boxd.it/a2cM
2025-12-17,Ginger & Rosa,2012,https://boxd.it/41Ig
2025-12-17,Made in Hong Kong,1997,https://boxd.it/1uFk
2025-12-17,Sweeney Todd: The Demon Barber of Fleet Street,2007,https://boxd.it/1PcS
2025-12-17,Bhoothakaalam,2022,https://boxd.it/xfZo
2025-12-17,Bye Bye Miss Goodnight,2005,https://boxd.it/ekui
2025-12-17,Dogtooth,2009,https://boxd.it/158K
2025-12-17,Cold War,2018,https://boxd.it/fEoc
2025-12-17,Ida,2013,https://boxd.it/6fRg
2025-12-17,Close,2022,https://boxd.it/y4qa
2025-12-17,Your Name Engraved Herein,2020,https://boxd.it/qWwA
2025-12-17,I Told Sunset About You,2020,https://boxd.it/t8dE
2025-12-20,The Defiant Ones,1958,https://boxd.it/1TTQ
2025-12-26,She Don't Fade,1992,https://boxd.it/cPCS
2025-12-29,Rachel Getting Married,2008,https://boxd.it/1N30
2025-12-29,Millennium Mambo,2001,https://boxd.it/1Tzw
2025-12-29,Birth,2004,https://boxd.it/1VvQ
2025-12-29,Love Lies Bleeding,2024,https://boxd.it/zN4q
2025-12-29,Sister Wives,2024,https://boxd.it/KaIo
2025-12-29,Saint Maud,2019,https://boxd.it/l8QA
2025-12-29,Memories of Murder,2003,https://boxd.it/1TSo
2025-12-29,A Woman Is a Woman,1961,https://boxd.it/1iUC
2025-12-29,Will & Harper,2024,https://boxd.it/K5eo
2025-12-29,Funeral Parade of Roses,1969,https://boxd.it/28Cg
2025-12-29,Bound,1996,https://boxd.it/1Z1g
2025-12-29,Inside Llewyn Davis,2013,https://boxd.it/34Ro
2026-01-04,All Day and a Night,2020,https://boxd.it/jjnU
2026-01-04,Us,2025,https://boxd.it/NVBU
2026-01-04,Khufiya,2023,https://boxd.it/xaxY
2026-01-04,Iratta,2023,https://boxd.it/zELA
2026-01-04,Vanaprastham,1999,https://boxd.it/6dpE
2026-01-04,Aamis,2019,https://boxd.it/kTVA
2026-01-04,Om Dar-B-Dar,1988,https://boxd.it/784I
2026-01-04,Thanmathra,2005,https://boxd.it/2PPi
2026-01-04,Aham,1992,https://boxd.it/i9ne
2026-01-04,Ulladakkam,1991,https://boxd.it/8C62
2026-01-04,Thaniyavarthanam,1987,https://boxd.it/9PQa
2026-01-04,Kumbalangi Nights,2019,https://boxd.it/l8wA
2026-01-04,Throne of Capricorn,1975,https://boxd.it/8bXS
2026-01-04,Spree,2020,https://boxd.it/oiiO
2026-01-04,The Goldfinch,2019,https://boxd.it/gX6I
2026-01-04,I Care a Lot,2020,https://boxd.it/mcHk
2026-01-04,Fresh Kill,1994,https://boxd.it/d3X6
2026-01-04,Vampz,2004,https://boxd.it/9XTm
2026-01-04,When Night Is Falling,1995,https://boxd.it/20eK
2026-01-04,Fingersmith,2005,https://boxd.it/d4v8
2026-01-05,All Fun and Games,2023,https://boxd.it/yUs8
2026-01-05,Hell of a Summer,2023,https://boxd.it/BLQQ
2026-01-07,Eyes Without a Face,1960,https://boxd.it/1j9i
2026-01-09,Lemon,2017,https://boxd.it/fbvy
2026-01-09,Phantom Thread,2017,https://boxd.it/e4uc
2026-01-12,As You Are,2023,https://boxd.it/FF5s
2026-01-12,As You Are,2016,https://boxd.it/cSSk
2026-01-13,One Battle After Another,2025,https://boxd.it/DUHM
2026-01-13,Malcolm & Marie,2021,https://boxd.it/r5cO
2026-01-14,The Neon Demon,2016,https://boxd.it/9AnW
2026-01-14,Like Someone in Love,2012,https://boxd.it/3tOu
2026-01-14,Double Suicide,1969,https://boxd.it/OSQ
2026-01-14,Tokyo Sonata,2008,https://boxd.it/1ZxQ
2026-01-14,TÁR,2022,https://boxd.it/uNIA
2026-01-14,Cure,1997,https://boxd.it/1blA
2026-01-16,Under the Skin,2013,https://boxd.it/3mDa
2026-01-16,The Plague,2025,https://boxd.it/QMbO
2026-01-16,Appropriate Behavior,2014,https://boxd.it/7k4U
2026-01-16,The Truth About Jane,2000,https://boxd.it/y62
2026-01-16,The Home Song Stories,2007,https://boxd.it/1vQ4
2026-01-16,The Last Emperor,1987,https://boxd.it/29Ji
2026-01-17,I Dream in Another Language,2017,https://boxd.it/bZ5M
2026-01-18,Celebrity,1998,https://boxd.it/1YBM
2026-01-18,Love & Basketball,2000,https://boxd.it/1Nu6
2026-01-18,Really Love,2020,https://boxd.it/oMBm
2026-01-18,Love Jones,1997,https://boxd.it/1s3S
2026-01-18,"Love, Brooklyn",2025,https://boxd.it/RONM
2026-01-18,Medicine for Melancholy,2008,https://boxd.it/1wPc
2026-01-18,Entergalactic,2022,https://boxd.it/CPN4
2026-01-18,Premature,2019,https://boxd.it/kIog
2026-01-18,Sylvie's Love,2020,https://boxd.it/lumi
2026-01-19,Dead Ringers,1988,https://boxd.it/1Yqk
2026-01-19,Most Wanted,1997,https://boxd.it/1e2m
2026-01-19,Komodo,1999,https://boxd.it/1wgc
2026-01-19,I Can't Think Straight,2008,https://boxd.it/1jAI
2026-01-19,Practical Magic,1998,https://boxd.it/21HS
2026-01-20,The Roommate,2011,https://boxd.it/ENw
2026-01-20,Rye Lane,2023,https://boxd.it/DIyy
2026-01-20,Summerland,2020,https://boxd.it/j1S6
2026-01-21,Hamnet,2025,https://boxd.it/woVy
2026-01-21,Beautiful Thing,1996,https://boxd.it/1V20
2026-01-21,Summer of 85,2020,https://boxd.it/oxQ2
2026-01-21,Calamity Jane,1953,https://boxd.it/1OJw
2026-01-21,I Am Love,2009,https://boxd.it/10ac
2026-01-21,In the Realm of the Senses,1976,https://boxd.it/22qS
2026-01-21,Histoire(s) du cinéma,1989,https://boxd.it/Mvuc
2026-01-21,"Goodbye South, Goodbye",1996,https://boxd.it/38zI
2026-01-21,Fanny and Alexander,1982,https://boxd.it/22go
2026-01-21,Come and Go,2003,https://boxd.it/2Vb4
2026-01-21,The Blue Gardenia,1953,https://boxd.it/1BEy
2026-01-21,Birds of Paradise,2021,https://boxd.it/oSlO
2026-01-21,Mayday,2021,https://boxd.it/p3GS
2026-01-21,First Girl I Loved,2016,https://boxd.it/bRy2
2026-01-21,Beauty and the Beast,1978,https://boxd.it/2tKA
2026-01-21,Better Days,2019,https://boxd.it/l9Ke
2026-01-21,On the Edge,2001,https://boxd.it/2N3G
2026-01-21,On The Edge,2020,https://boxd.it/ljos
2026-01-21,Like Stars on Earth,2007,https://boxd.it/20SA
2026-01-21,The Color Purple,1985,https://boxd.it/29oO
2026-01-22,Barry Lyndon,1975,https://boxd.it/25A2
2026-01-23,Hedda,2025,https://boxd.it/BGME
2026-01-23,Showgirls,1995,https://boxd.it/1Vmk
2026-01-23,Party,1984,https://boxd.it/4gSA
2026-01-28,Benedetta,2021,https://boxd.it/gdNQ
2026-01-29,Sati,1989,https://boxd.it/bPMG
2026-01-29,Children of a Lesser God,1986,https://boxd.it/27VG
2026-01-29,Freak City,1999,https://boxd.it/5DYI
2026-01-29,Excision,2012,https://boxd.it/2XMG
2026-01-30,The Wood,1999,https://boxd.it/1KHm
2026-01-30,Another Country,1984,https://boxd.it/1i4w
2026-01-30,The Moment,2026,https://boxd.it/SCkg
2026-01-30,Eternity,2025,https://boxd.it/LYtK
2026-01-30,Camaraderie,2025,https://boxd.it/Y1rm
2026-01-30,Tilda Swinton: The Love Factory,2002,https://boxd.it/kqMa
2026-01-31,Minnaram,1994,https://boxd.it/8BLe
2026-01-31,Kaantha,2025,https://boxd.it/LChi
2026-01-31,Thudarum,2025,https://boxd.it/M3Yy
2026-01-31,When They See Us,2019,https://boxd.it/kbJU
2026-02-02,If I Had Legs I'd Kick You,2025,https://boxd.it/HUtS
2026-02-02,Tumbbad,2018,https://boxd.it/jDZk
2026-02-02,Stree,1972,https://boxd.it/lSwG
2026-02-02,Stree,2018,https://boxd.it/jrdI
2026-02-02,Masaan,2015,https://boxd.it/b6x2
2026-02-02,Newton,2017,https://boxd.it/fBbO
2026-02-03,The Odyssey,1997,https://boxd.it/1IUo
2026-02-03,Sentimental Value,2025,https://boxd.it/GwcG
2026-02-03,Le Jardin Rossini,2025,https://boxd.it/XVpa
2026-02-03,Winter's Bone,2010,https://boxd.it/14FI
2026-02-03,Aftersun,2022,https://boxd.it/Arw0
2026-02-03,The Father,2020,https://boxd.it/m8Ie
2026-02-04,Problemista,2023,https://boxd.it/waGO
2026-02-04,A Girl Walks Home Alone at Night,2014,https://boxd.it/7nZE
